id;transfert_id;date_action;type_action_id;rapport_action;staff_id
1;76336;2023-02-02T04:27:20;92844;../fake-data/blob/hipster.txt;59237
2;35509;2023-02-01T17:15:37;39170;../fake-data/blob/hipster.txt;99243
3;23072;2023-02-02T03:24:20;74940;../fake-data/blob/hipster.txt;32075
4;54010;2023-02-01T22:43:29;16834;../fake-data/blob/hipster.txt;50047
5;51727;2023-02-02T11:33:28;10909;../fake-data/blob/hipster.txt;93866
6;97742;2023-02-01T20:58:25;13979;../fake-data/blob/hipster.txt;32920
7;2948;2023-02-02T13:04:00;3076;../fake-data/blob/hipster.txt;20558
8;45713;2023-02-01T23:15:35;55506;../fake-data/blob/hipster.txt;89581
9;56726;2023-02-02T02:40:49;73846;../fake-data/blob/hipster.txt;86159
10;96122;2023-02-02T06:22:25;80028;../fake-data/blob/hipster.txt;13350
