id;date_exp;nom_chauffeur;date_rec;cphone
1;2023-02-02T03:31:07;Quality;2023-02-02T01:07:01;Israel Assistant
2;2023-02-02T12:20:40;Generic Gloves;2023-02-02T14:00:00;Account Bacon connecting
3;2023-02-01T21:44:27;Team-oriented open;2023-02-01T21:32:55;Specialist ubiquitous
4;2023-02-01T17:57:10;of tan efficient;2023-02-02T11:50:47;Buckinghamshire Generic
5;2023-02-02T12:40:41;Division haptic;2023-02-01T19:19:44;Albania brand
6;2023-02-02T06:43:13;Cotton Fresh Account;2023-02-02T14:23:22;orange Ports
7;2023-02-01T16:49:35;Home user-centric Pines;2023-02-01T20:35:13;Extended synthesizing revolutionize
8;2023-02-02T06:45:25;incremental Tasty;2023-02-02T00:51:41;interfaces paradigms Factors
9;2023-02-02T08:19:11;Expanded;2023-02-02T02:41:51;Connecticut card
10;2023-02-02T04:14:07;aggregate;2023-02-01T19:45:54;Mount Cambridgeshire
