id;date_action;rapport_action
1;2023-02-01T21:59:57;../fake-data/blob/hipster.txt
2;2023-02-02T04:56:07;../fake-data/blob/hipster.txt
3;2023-02-01T18:02:14;../fake-data/blob/hipster.txt
4;2023-02-02T02:06:10;../fake-data/blob/hipster.txt
5;2023-02-02T07:47:51;../fake-data/blob/hipster.txt
6;2023-02-01T17:44:24;../fake-data/blob/hipster.txt
7;2023-02-02T06:55:08;../fake-data/blob/hipster.txt
8;2023-02-01T16:30:05;../fake-data/blob/hipster.txt
9;2023-02-02T10:46:56;../fake-data/blob/hipster.txt
10;2023-02-02T03:53:07;../fake-data/blob/hipster.txt
