id;section_nom;chef_section;email_chef;phone_chef
1;Croatian driver e-services;transmit virtual;Station;Auto Gloves backing
2;transmitter Virginia;Lesotho;turquoise;program Garden Steel
3;Solutions Salad;synergies Optimization Dirham;1080p 24/7;Implemented Handcrafted Usability
4;XSS Shoes;attitude;Universal Versatile grey;Intelligent hour Functionality
5;Forward Argentina Buckinghamshire;Nauru navigate;Awesome zero;Monaco program Georgia
6;deposit;state payment;Markets Intelligent Orchestrator;panel implement Account
7;SMS Tools;Motorway;Licensed Pine;cyan Metal proactive
8;Metal maximize;cultivate generating;Mexican International;Agent
9;Croatian;connect Dynamic visualize;Global Bedfordshire copy;Forward parsing
10;Industrial plug-and-play;Accounts Handmade;Chicken Namibia Small;Electronics
